Entry ID,word,definition,plural form,categories,breakdowns,stress,plural stress,variants,see alsos,public notes,private notes,Column1
66,g_altsg_n,three,,modifier,,,,,,"Long objects, trees, poles, houses, etc",,
42,g_andool,eight,,modifier,,,,,,"Animals, flat objects, blankets, etc",,
79,g_andooldool,eight,,modifier,,,,yukwła'adool,,People,,
80,g_ando'oltsg_n,eight,,modifier,,,,yukwda'altsg_n,,"Long objects, trees, poles, houses, etc",,
65,g_o'opsg_n,two,,modifier,,,,,,"Long objects, trees, poles, houses, etc",,
74,gup'l wil ky'ep,twenty,,modifier,,,,,,All counting,,
30,guup'l,two,,modifier,,,,,,"General use, round items, times, abstract concepts, etc; Animals, flat objects, blankets, etc",,
41,gwa_n,three,,modifier,,,,,,"Animals, flat objects, blankets, etc",,
46,gwiloon,three,,modifier,,,,,,People,,
55,gwilpdaat,two,,modifier,,,,,,"Passengers, people aboard a vehicle",,
56,gwindaat,three,,modifier,,,,,,"Passengers, people aboard a vehicle",,
64,k_'a'awtsg_n,one,,modifier,,,,,,"Long objects, trees, poles, houses, etc",,
34,k_'ool,six,,modifier,,,,,,"General use, round items, times, abstract concepts, etc; Animals, flat objects, blankets, etc",,
59,k_'o'oldaat,six,,modifier,,,,,,"Passengers, people aboard a vehicle",,
49,k_o'oldool,six,,modifier,,,,,,People,,
69,k_'o'oltsg_n; k_'o'otsg_n,six,,modifier,,,,k_'o'otsg_n,,"Long objects, trees, poles, houses, etc",,
63,kbalkdaat,ten,,modifier,,,,,,"Passengers, people aboard a vehicle",,
38,kbi'il,ten,,modifier,,,,,,"General use, round items, times, abstract concepts, etc; Animals, flat objects, blankets, etc",,
53,kbool,ten,,modifier,,,,,,People,,
44,k'ool,one,,modifier,,,,,,People,,
37,ksdamoos,nine,,modifier,,,,,,"General use, round items, times, abstract concepts, etc; Animals, flat objects, blankets, etc",,
72,ksdamo'otsg_n,nine,,modifier,,,,,,"Long objects, trees, poles, houses, etc",,
29,k'ü'ül,one,,modifier,,,,,,"General use, round items, times, abstract concepts, etc; Animals, flat objects, blankets, etc",,
54,kw'idaat,one,,modifier,,,,,,"Passengers, people aboard a vehicle",,
31,kw'i'lii,three,,modifier,,,,,,"General use, round items, times, abstract concepts, etc; Animals, flat objects, blankets, etc",,
62,kwsdmasdaat,nine,,modifier,,,,,,"Passengers, people aboard a vehicle",,
52,kwsdmasool,nine,,modifier,,,,,,People,,
33,kwsdüüns,five,,modifier,,,,,,"General use, round items, times, abstract concepts, etc; Animals, flat objects, blankets, etc",,
58,kwsduunsdaat,five,,modifier,,,,,,"Passengers, people aboard a vehicle",,
68,kwsdu'unsg_n,five,,modifier,,,,,,"Long objects, trees, poles, houses, etc",,
48,kwsduunsool ,five,,modifier,,,,kwsnsool,,People,,
78,kwsnsool,five,,modifier,,,,kwsduunsool ,,People,,
39,ky'aak,one,,modifier,,,,,,"Animals, flat objects, blankets, etc",,
43,ky'ep,ten,,modifier,,,,,,"Animals, flat objects, blankets, etc",,
81,ky'epsg_n; kbi'tsg_n,ten,,modifier,,,,kbi'tsg_n,,"Long objects, trees, poles, houses, etc",,
40,t'apx_aat,two,,modifier,,,,,,"Animals, flat objects, blankets, etc",,
45,t'apx_adüül,two,,modifier,,,,,,People,,
50,t'apx_aldool,seven,,modifier,,,,,,People,,
60,t'apx_ooldaat,seven,,modifier,,,,,,"Passengers, people aboard a vehicle",,
35,t'apx_oo'lt,seven,,modifier,,,,,,"General use, round items, times, abstract concepts, etc; Animals, flat objects, blankets, etc",,
70,t'apx_o'oltsg_n,seven,,modifier,,,,,,"Long objects, trees, poles, houses, etc",,
67,tx_a'alpsg_n,four,,modifier,,,,,,"Long objects, trees, poles, houses, etc",,
32,tx_aalpx_,four,,modifier,,,,,,"General use, round items, times, abstract concepts, etc; Animals, flat objects, blankets, etc",,
57,tx_alpx_daat,four,,modifier,,,,,,"Passengers, people aboard a vehicle",,
47,tx_alpx_dool,four,,modifier,,,,,,People,,
71,yukwda'altsg_n,eight,,modifier,,,,g_ando'oltsg_n,,"Long objects, trees, poles, houses, etc",,
36,'yukwdel,eight,,modifier,,,,,,"General use, round items, times, abstract concepts, etc; Animals, flat objects, blankets, etc",,
61,yukwła'adaat,eight,,modifier,,,,g_andooldaat,,"Passengers, people aboard a vehicle",,
51,yukwła'adool,eight,,modifier,,,,g_andooldool,,People,,
,aax_,mouth,,noun,,1,,,,,,
95,algyax_,"language, words, speech",,noun,,1,,,,,,
,ało'o,"cloth, canvas, sail",,noun,,2,,,,,,
97,amhaẅ,voice,,noun,,1,,,,,,
,anaaxy,bread,,noun,,2,,,,,,
16,an'on,hand or arm,,noun,,1,,,,,,
,aẅs,sand,,noun,,1,,,,,,
,ba_x_bog_mgyemk,butterfly,,noun,,1,,,,,,
,buweel,sand fleas,,noun,,2,,,,,,
88,chayp,bone,,noun,,1,,,,,,
,daala,money,,noun,,1,,,,,,
,dahdee,cranberries,,noun,,2,,,,,,
,dasx_,squirrel,,noun,,1,,,,,,
,duus,cat,,noun,,1,,,,,,
21,g_aayt,hat,,noun,,1,,,,,,
,g_amaats,starfish,,noun,,1,,,,,,
23,g_aẅs,hair,,noun,,1,,,,,,
19,g_oot,heart/mind,,noun,,1,,,,,,
,goom,ashes,,noun,,1,,,,,,
,gwasoo,pig,,noun,,2,,,,,,
,gyilkshuu,"basket weaving, diagonal weaving",,noun,,2,,,,,,
24,ha'ligyet,birthday,,noun,,1,,,,,,
7,hana'ax_,woman,,noun,,2,,,,,,
,hap'ast,lid,,noun,,1,,,,,,
,hax_ba_ta_,butter knife,,noun,,2,,,,,,
87,hoon,fish,,noun,,1,,,,,,
22,hooya,clothes,,noun,,1,,,,,,
,iimx,"beard, whiskers",,noun,,1,,,,,,
,iłi'i,blood,,noun,,2,,,,,,
6,insiipnsk,loved one,,noun,,2,,,,,,
96,k_'awk_'aw,crow,,noun,,1,,,,,,
18,kap,cup,,noun,,1,,,,,,
,kłgüü,one's children,,noun,,1,,,,,,
,kpa'aw,jaw,,noun,,1,,,,,,
9,kw'ida'ts,coat,,noun,,1,,,,,,
,laalt,snake,,noun,,1,,,,,,
,ła'at,ball,,noun,,1,,,,,,
,lagyi'il,eyebrow,,noun,,2,,,,,,
,lak_,sewing needle,,noun,,1,,,,,,
102,ła't,ball,,noun,,1,,,,,,
26,łax,under,,noun,,1,,,,,,
27,lax_'o,top,,noun,,1,,,,,,
,lax_s,nails/claws,,noun,,1,,,,,,
,łgaawk,women's sister,,noun,,1,,,,,,
4,łgutx_a'oo,cousin,,noun,,2,,,,,,
8,łguułk,child (of someone),,noun,,1,,,,,,
98,łgwisgay,pinky,,noun,,2,,,,,,
,liimxy,song,,noun,,1,,,,,,
,łiła'am,foot,,noun,,2,,,,,,
,łmkdii,opposite gender sibling,,noun,,1,,,,,,
,ma'ay,berry,,noun,,1,,,,,,
,malk,bark; dry skin,,noun,,1,,,,,,
,manwo,battleship,,noun,,1,,,,,,
,matxy,mountain goat,,noun,,1,,,,,,
,mo'on,salt,,noun,,1,,,,,,
93,nabiip,uncle,,noun,,1,,,,,,
,nabiip,uncle,,noun,,2,,,,,,
17,naks,spouse,,noun,,1,,,,,,
,nigwaat,father,,noun,,1,,,,,,
3,nagwaat,father,,noun,,1,,,,,,
94,nikdaa,aunt,,noun,,1,,,,,,
,niya'a,grandfather,,noun,,2,,,,,,
,noh,mother,,noun,,1,,,,,,
84,noho,mom,,noun,,1,,noo,,,,
83,noo,mom,,noun,,1,,noho,,,,
100,no'oł,dish,,noun,,1,,,,,,
,no'oł,dish,,noun,,1,,,,,,
,nts'i'its,grandmother,,noun,,1,,,,,,
1,nts'ii'ts,grandmother,,noun,,1,,nts'iidz,,,,
,sah,day,,noun,,1,,,,,,
,tgwa_h,glass,,noun,,1,,,,,,
14,ts'ikts'ik,car,,noun,,1,,,,,,
,ts'ila_'a_,basket,,noun,,1,,,,,,
,ts'ila'a,basket,,noun,,1,,,,,,
99,ts'mmüüx,ear,,noun,,1,,,,,,
,ts'mmüüx,ear,,noun,,1,,,,,,
,t'u'utsk,knife,,noun,,1,,,,,,
90,wa_t'ukw,lingcod,,noun,,1,,,,,,
12,waa,name,,noun,,1,,,,,,
,waalp,house,,noun,,1,,,,,,
,waap,house,,noun,,1,,,,,,
13,waalp,house,,noun,,1,,waap,,,,
,waan,tooth,,noun,,1,,,,,,
92,'waan,teeth,,noun,,1,,,,,,
5,waky,a man's brother,,noun,,1,,,,,,
,wat'ukw,lingcod,,noun,,1,,,,,,
20,wüliilm tgwah,glasses,,noun,,1,,,,,,
15,x_aldaawx_k,medicine,,noun,,2,,,,,,
,yaxw,boy,,noun,,1,,,,,,
86,'yaxwt,man,,noun,,1,,,,,,
,yeni,marten,,noun,,1,,,,,,
25,ał ,at,,prenoun,,,,ei,,actually this is a preposition a+ł,,
82,ei,at,,prenoun,,,,ał ,,actually this is a preposition a+i,,
28,ts'm,in,,prenoun,,0,,,,,,
91,aytk,"name, identify",,verb,,1,,,,,,
,hana'k_,woman,,noun,,2,,,,,,
